Release_Date,Duration,Movie_type,Title_ID
07/03/2010,156,Blockbuster,596
10/12/1998,122,Mid Budget,592
07/11/2015,154,Indie,799
11/09/1975,104,Foreign,127
04/07/1978,111,Blockbuster,174
17/01/1984,71,Indie,433
23/03/1982,122,Indie,14
25/07/1993,139,Foreign,570
12/07/1977,176,Indie,660
31/08/2009,95,Blockbuster,600
12/11/2007,172,Blockbuster,576
07/03/1992,170,Arthouse,256
27/07/1993,153,Indie,691
29/10/1973,147,Arthouse,343
21/10/1981,87,Arthouse,383
28/05/1978,113,Arthouse,737
07/01/1971,86,Mid Budget,77
22/10/2015,133,Mid Budget,706
18/03/1979,149,Blockbuster,691
27/08/2023,134,Arthouse,53
20/05/1998,151,Indie,105
16/03/1993,83,Foreign,715
01/08/1970,117,Arthouse,408
17/06/1975,84,Blockbuster,154
06/10/2003,71,Indie,437
28/11/1984,175,Mid Budget,239
23/01/1990,103,Blockbuster,381
30/12/2008,164,Blockbuster,66
04/10/1995,145,Indie,242
21/08/1971,173,Blockbuster,147
26/06/2009,158,Mid Budget,696
27/12/1989,146,Indie,603
14/11/2016,159,Foreign,547
02/06/1974,89,Blockbuster,147
14/12/1974,139,Mid Budget,148
06/08/2016,72,Indie,210
18/11/1997,76,Mid Budget,450
28/05/1993,90,Indie,379
16/11/1972,162,Foreign,320
02/01/1974,81,Arthouse,445
17/05/1981,92,Mid Budget,331
08/01/1986,170,Mid Budget,170
12/12/2023,160,Mid Budget,627
06/12/1988,165,Mid Budget,126
10/08/2004,111,Mid Budget,749
22/12/1971,157,Indie,709
22/06/2003,152,Foreign,586
31/10/1982,80,Foreign,142
02/01/2022,167,Mid Budget,795
08/07/1976,144,Blockbuster,615
01/02/1987,106,Indie,634
04/04/2020,85,Foreign,203
30/12/2007,91,Foreign,176
13/06/2016,114,Blockbuster,226
06/12/1996,100,Arthouse,655
16/08/1985,158,Indie,3
12/12/2021,135,Arthouse,792
23/04/1970,176,Foreign,419
30/04/2012,107,Indie,624
04/01/2023,138,Arthouse,656
07/05/2017,70,Foreign,358
16/01/1994,99,Indie,632
02/08/1977,94,Foreign,219
23/10/2017,128,Blockbuster,77
18/06/1977,98,Foreign,720
27/08/2008,139,Foreign,604
22/12/1985,127,Arthouse,157
30/09/2001,129,Arthouse,622
04/12/2017,161,Blockbuster,77
21/07/1980,89,Foreign,469
07/12/2023,95,Indie,402
10/08/1976,124,Arthouse,610
21/12/1996,108,Mid Budget,492
25/09/2022,142,Foreign,656
18/05/1993,170,Blockbuster,549
13/01/2000,179,Arthouse,637
24/05/2002,161,Indie,349
10/10/2001,84,Arthouse,173
24/02/2013,110,Foreign,336
10/10/2019,90,Indie,49
12/04/1976,171,Mid Budget,426
10/09/1982,154,Blockbuster,93
19/04/1983,99,Blockbuster,793
08/06/1974,103,Foreign,409
02/05/1977,153,Blockbuster,562
20/12/1991,171,Blockbuster,296
26/09/1982,140,Mid Budget,611
28/02/2012,132,Indie,347
24/02/1992,146,Indie,619
25/02/2004,154,Foreign,372
16/03/1987,99,Indie,309
17/01/2015,152,Blockbuster,166
03/08/2003,111,Foreign,799
12/07/2016,161,Blockbuster,373
10/11/1971,147,Indie,661
06/06/2019,123,Blockbuster,71
10/06/2022,111,Foreign,375
18/08/2008,169,Mid Budget,241
26/11/1986,114,Blockbuster,597
03/07/1980,130,Foreign,471
02/11/2000,160,Mid Budget,9
12/04/1991,154,Arthouse,526
29/11/1985,128,Arthouse,395
13/07/1977,149,Foreign,630
16/04/1989,93,Mid Budget,188
11/05/2017,119,Arthouse,746
01/12/2007,71,Blockbuster,359
16/06/1987,82,Blockbuster,371
30/09/1980,109,Blockbuster,452
25/02/1970,179,Foreign,444
28/04/2003,79,Indie,501
30/03/1984,166,Blockbuster,217
04/02/1999,97,Blockbuster,793
20/11/1986,108,Blockbuster,285
17/12/1998,77,Mid Budget,611
19/11/2012,82,Foreign,682
28/07/1973,71,Arthouse,154
12/06/2018,143,Arthouse,262
10/09/1994,137,Foreign,2
27/05/1980,120,Indie,521
07/07/2008,159,Arthouse,770
21/09/2017,94,Blockbuster,3
25/11/1993,127,Foreign,604
02/05/2023,177,Blockbuster,109
27/08/1970,137,Mid Budget,481
30/12/2010,172,Indie,487
24/07/1981,139,Indie,285
30/06/2022,84,Mid Budget,166
24/08/1990,107,Indie,219
15/02/2007,87,Arthouse,146
28/09/1983,123,Foreign,421
08/04/1971,167,Indie,123
27/03/1990,173,Blockbuster,503
14/09/1980,176,Foreign,169
08/07/2007,125,Blockbuster,55
27/03/2000,117,Indie,150
21/07/1982,143,Foreign,106
01/03/2005,99,Arthouse,354
24/05/2018,168,Arthouse,512
05/10/2015,107,Indie,154
08/09/1987,103,Mid Budget,218
28/10/1995,162,Indie,185
28/07/2008,107,Foreign,633
09/11/1990,104,Arthouse,606
02/09/2005,110,Indie,501
22/12/2000,171,Arthouse,150
12/07/2013,106,Indie,782
12/06/2015,136,Foreign,333
20/09/2011,129,Mid Budget,669
07/07/2016,103,Blockbuster,139
22/09/2019,134,Blockbuster,239
27/11/2005,111,Arthouse,86
06/11/1997,178,Indie,294
05/07/2000,171,Mid Budget,72
24/04/1972,122,Indie,374
26/08/2012,126,Indie,615
24/07/2009,172,Arthouse,468
30/10/2001,89,Mid Budget,164
13/09/2014,153,Arthouse,73
13/06/1981,107,Blockbuster,16
08/10/2009,128,Mid Budget,172
08/12/1971,174,Indie,526
10/02/2007,111,Foreign,764
09/04/2005,119,Foreign,370
24/09/2011,73,Foreign,37
15/09/2011,93,Foreign,388
13/06/1990,166,Foreign,706
20/07/1987,169,Indie,282
09/12/1994,107,Foreign,611
11/05/2014,74,Foreign,344
01/02/2020,91,Blockbuster,95
10/10/2002,90,Blockbuster,648
06/09/1985,122,Blockbuster,128
29/10/1997,141,Arthouse,177
28/11/1990,134,Indie,65
28/03/1980,92,Arthouse,188
12/03/1990,180,Mid Budget,89
07/10/2023,134,Arthouse,612
22/09/1979,175,Foreign,153
30/10/1980,129,Indie,109
06/04/1998,161,Mid Budget,210
05/08/2001,143,Foreign,312
17/06/2005,72,Blockbuster,705
09/10/2005,160,Arthouse,497
20/06/2007,102,Mid Budget,417
11/11/1982,173,Blockbuster,511
03/12/2000,169,Blockbuster,377
20/04/2012,91,Mid Budget,520
13/11/2003,169,Blockbuster,27
29/08/1975,112,Arthouse,481
06/12/2001,137,Foreign,210
03/03/1997,116,Indie,416
07/01/1987,77,Blockbuster,364
28/06/2019,136,Indie,359
20/03/2010,168,Indie,153
07/05/1974,166,Indie,17
27/07/2005,97,Arthouse,458
18/04/1979,160,Indie,440
14/03/1970,90,Blockbuster,195
15/12/1985,163,Mid Budget,171
27/09/1993,108,Arthouse,624
11/07/1997,72,Mid Budget,398
02/11/2014,86,Blockbuster,591
07/03/2002,119,Indie,114
23/08/1976,150,Foreign,409
08/02/1999,152,Arthouse,673
08/12/1973,164,Arthouse,92
06/01/1983,111,Arthouse,750
24/04/2018,75,Foreign,77
26/04/2010,180,Indie,579
19/08/1979,84,Blockbuster,305
05/07/2014,135,Foreign,644
08/08/1983,138,Indie,536
19/09/1993,92,Blockbuster,255
02/09/1992,106,Arthouse,574
17/05/2006,153,Arthouse,686
11/03/1990,157,Arthouse,543
27/03/1973,121,Blockbuster,589
13/11/1980,94,Foreign,170
09/05/2004,80,Arthouse,591
11/09/2000,168,Mid Budget,712
01/12/1991,127,Blockbuster,233
16/07/1988,151,Foreign,554
17/10/2004,112,Foreign,452
10/01/1998,151,Mid Budget,438
20/10/1973,76,Blockbuster,127
10/04/2011,133,Blockbuster,506
04/02/2024,137,Blockbuster,646
31/01/2002,149,Indie,574
04/04/1996,156,Mid Budget,189
17/10/1997,146,Indie,458
24/06/2003,142,Arthouse,300
20/12/2013,106,Arthouse,542
11/05/1975,71,Arthouse,88
13/11/1970,108,Foreign,638
30/11/1992,88,Blockbuster,255
22/11/1996,74,Blockbuster,70
24/02/1977,152,Indie,528
14/01/2009,150,Indie,420
10/06/1988,124,Indie,727
27/12/1986,138,Blockbuster,38
15/08/1993,154,Indie,502
28/12/2013,102,Arthouse,67
20/07/2011,103,Indie,365
18/05/1999,153,Arthouse,796
01/08/2008,84,Indie,724
11/06/1987,178,Indie,563
18/04/1983,72,Indie,31
16/08/1983,142,Blockbuster,766
29/12/2018,170,Indie,730
01/10/1982,131,Foreign,105
10/09/1999,100,Indie,764
10/12/2011,145,Blockbuster,704
30/07/1979,164,Mid Budget,634
07/05/1971,104,Foreign,793
06/06/1995,148,Blockbuster,761
06/06/1971,82,Foreign,787
13/10/1987,126,Foreign,495
20/07/2023,75,Blockbuster,75
02/02/2014,127,Blockbuster,492
17/02/1993,97,Blockbuster,660
23/01/1995,80,Blockbuster,724
01/11/1978,133,Foreign,225
24/07/1990,133,Blockbuster,591
12/02/2015,91,Foreign,347
14/09/1993,72,Blockbuster,746
11/02/2010,159,Indie,661
22/08/1981,155,Indie,384
02/02/2023,134,Blockbuster,228
18/05/2010,99,Foreign,227
12/10/1988,110,Indie,286
02/03/2007,173,Indie,720
21/08/2013,103,Arthouse,464
12/08/2017,86,Indie,341
13/11/2015,81,Arthouse,719
11/01/1991,174,Blockbuster,8
24/12/2022,74,Foreign,660
29/04/1982,99,Foreign,642
24/04/1982,79,Arthouse,81
28/12/2003,167,Blockbuster,573
27/05/1977,72,Blockbuster,362
11/01/2021,90,Mid Budget,394
11/03/1986,158,Foreign,613
14/12/2002,95,Indie,218
18/05/1995,89,Indie,473
17/05/1996,154,Foreign,155
26/12/2009,70,Foreign,570
15/09/1999,131,Blockbuster,307
09/03/2000,141,Blockbuster,305
22/01/1993,77,Indie,8
29/01/2018,109,Mid Budget,247
06/07/1995,180,Blockbuster,44
05/02/1979,74,Blockbuster,485
01/12/2010,150,Mid Budget,583
03/12/1988,107,Blockbuster,99
03/04/2021,177,Blockbuster,477
29/10/1977,135,Mid Budget,137
26/08/1996,121,Blockbuster,252
25/12/1971,116,Blockbuster,106
25/12/1970,131,Foreign,142
29/08/2017,168,Indie,532
25/10/2018,158,Mid Budget,63
15/11/1979,94,Foreign,700
04/12/2020,152,Arthouse,250
22/11/1978,118,Indie,80
07/02/1994,121,Foreign,414
12/10/1982,154,Foreign,633
02/06/1971,106,Foreign,722
15/11/1978,71,Arthouse,791
30/07/1978,171,Mid Budget,644
20/04/1975,162,Arthouse,569
30/08/2010,177,Foreign,734
16/10/1996,81,Indie,226
26/06/2005,167,Foreign,404
03/09/2010,141,Indie,656
19/08/2023,82,Mid Budget,612
08/05/1976,152,Foreign,742
04/09/2013,73,Mid Budget,382
15/11/2009,100,Mid Budget,18
19/11/1975,137,Indie,437
24/01/1978,77,Foreign,171
26/02/2025,109,Blockbuster,42
15/07/2018,83,Foreign,571
28/09/1998,180,Arthouse,775
20/12/2001,103,Blockbuster,258
24/07/1974,79,Blockbuster,528
19/12/1996,143,Blockbuster,746
26/12/1977,96,Indie,767
17/05/1981,71,Mid Budget,519
05/05/1972,158,Arthouse,316
28/12/1977,74,Foreign,367
24/01/2015,150,Arthouse,68
04/07/2012,152,Arthouse,507
10/03/1992,157,Mid Budget,181
23/08/2005,140,Mid Budget,5
27/05/2020,180,Blockbuster,631
17/06/1986,122,Arthouse,348
08/09/2002,144,Foreign,651
21/10/1971,145,Foreign,263
30/09/2018,77,Mid Budget,113
27/12/1993,151,Foreign,577
12/05/1977,92,Indie,486
22/04/1984,90,Blockbuster,267
02/08/1980,125,Foreign,186
30/01/2007,167,Foreign,291
31/05/1981,167,Blockbuster,629
23/04/2016,177,Blockbuster,34
18/12/1971,92,Arthouse,410
12/09/2003,129,Foreign,445
03/07/1985,80,Indie,359
01/09/2005,116,Arthouse,441
18/12/1971,77,Indie,282
17/03/1984,120,Mid Budget,180
16/10/1983,105,Foreign,495
01/08/2022,77,Indie,550
29/03/1998,71,Blockbuster,741
22/10/2013,125,Foreign,3
13/07/1993,89,Arthouse,85
01/08/2024,166,Mid Budget,116
04/03/1977,77,Mid Budget,562
05/05/2000,140,Arthouse,55
09/02/2013,161,Blockbuster,54
12/09/2024,72,Blockbuster,617
22/09/1993,157,Indie,542
27/07/1976,131,Indie,512
04/08/1978,176,Indie,664
15/11/1992,77,Mid Budget,667
02/06/1977,155,Foreign,152
17/12/2001,103,Arthouse,325
02/06/2018,115,Indie,487
03/11/2024,159,Foreign,7
04/08/1988,88,Mid Budget,117
24/03/2023,130,Foreign,280
21/11/1998,144,Arthouse,103
15/02/1973,135,Indie,138
16/10/2018,87,Indie,178
30/06/1986,124,Mid Budget,512
20/05/2009,179,Blockbuster,553
21/01/1985,109,Indie,595
16/04/1983,71,Indie,34
15/01/1998,90,Blockbuster,242
27/07/1996,90,Indie,540
04/06/2015,135,Arthouse,634
02/11/2023,108,Mid Budget,394
08/12/1982,121,Foreign,115
20/02/1991,160,Foreign,92
12/03/2008,117,Blockbuster,138
24/09/1976,179,Blockbuster,434
12/02/1970,133,Arthouse,492
19/02/1989,147,Foreign,462
21/02/1984,137,Foreign,743
13/09/2016,114,Foreign,398
25/02/1987,73,Arthouse,179
14/05/1985,83,Indie,502
10/10/1994,162,Indie,744
06/09/2005,118,Indie,427
02/08/2006,174,Mid Budget,248
08/06/1987,90,Blockbuster,349
27/09/2000,78,Blockbuster,794
21/04/2014,167,Indie,95
12/07/2024,159,Arthouse,229
01/07/1983,103,Foreign,93
10/01/1977,117,Blockbuster,511
21/01/1976,104,Blockbuster,190
18/05/1977,147,Blockbuster,598
25/11/1998,170,Mid Budget,759
28/07/1985,115,Indie,250
11/07/1993,131,Mid Budget,8
30/12/2000,159,Blockbuster,524
22/08/1977,100,Indie,482
13/10/2006,103,Arthouse,269
19/11/1992,114,Mid Budget,460
12/05/2022,112,Mid Budget,746
14/05/2004,111,Arthouse,302
11/07/1976,131,Foreign,287
20/09/1976,118,Indie,799
24/07/2015,150,Indie,570
24/08/1974,86,Blockbuster,431
14/09/1974,180,Blockbuster,464
26/07/2012,126,Arthouse,141
18/02/2004,86,Arthouse,16
06/02/1971,82,Indie,230
21/05/1976,113,Indie,745
17/03/2004,133,Foreign,606
17/06/1998,82,Mid Budget,731
11/01/1986,70,Blockbuster,78
07/12/1991,97,Arthouse,85
04/03/1975,104,Mid Budget,635
23/04/1974,178,Foreign,734
11/12/2008,104,Foreign,46
06/01/1985,112,Indie,477
20/05/1984,160,Mid Budget,421
29/03/1973,165,Indie,539
27/01/2000,115,Blockbuster,688
08/06/2011,72,Foreign,235
30/04/1995,169,Foreign,518
27/10/2020,144,Indie,563
14/05/2023,175,Indie,330
06/09/2020,110,Blockbuster,384
12/02/1994,136,Mid Budget,561
26/08/1991,78,Mid Budget,199
25/09/2001,115,Mid Budget,146
04/12/1973,116,Foreign,643
26/07/1978,97,Arthouse,305
16/08/2007,146,Mid Budget,655
21/06/1984,76,Arthouse,183
18/06/1973,179,Indie,370
09/11/1986,93,Indie,221
20/02/1988,72,Foreign,644
30/11/1985,112,Mid Budget,5
04/09/2013,94,Arthouse,606
02/08/1976,180,Arthouse,75
09/12/1977,171,Arthouse,475
12/01/2014,77,Indie,341
28/12/2015,95,Indie,785
12/07/1991,98,Indie,3
20/05/1984,71,Blockbuster,273
29/10/1984,76,Indie,370
18/01/1981,165,Arthouse,139
18/04/1985,139,Arthouse,376
15/08/1981,132,Indie,791
30/06/2005,74,Indie,180
05/02/2015,87,Blockbuster,750
26/01/1993,179,Indie,555
09/05/1987,103,Blockbuster,69
30/10/2024,72,Mid Budget,170
05/04/1987,113,Blockbuster,173
08/06/1994,123,Blockbuster,719
23/11/1975,138,Foreign,372
02/01/1972,151,Foreign,21
18/11/1991,139,Blockbuster,450
18/05/2020,76,Foreign,674
21/06/1979,150,Blockbuster,102
21/08/2010,138,Indie,727
13/12/2006,157,Foreign,559
20/02/2022,114,Indie,449
14/07/2007,127,Foreign,254
05/10/2010,113,Foreign,447
17/09/2024,78,Arthouse,342
18/07/2002,168,Mid Budget,157
23/11/2018,108,Arthouse,143
11/04/1973,76,Mid Budget,232
01/11/1976,150,Blockbuster,595
17/04/1988,169,Indie,306
23/02/1976,146,Indie,420
17/06/2010,116,Mid Budget,675
18/10/2017,85,Mid Budget,384
28/11/2011,92,Indie,787
13/09/1975,142,Blockbuster,671
25/05/2007,92,Mid Budget,359
24/04/2013,100,Arthouse,678
16/01/1986,123,Mid Budget,479
12/08/2000,168,Mid Budget,552
29/08/1970,140,Mid Budget,542
13/07/1987,139,Mid Budget,774
23/02/1976,72,Blockbuster,480
07/07/1974,72,Arthouse,420
28/10/2024,167,Foreign,92
03/04/2009,90,Blockbuster,549
27/12/1975,144,Mid Budget,379
08/01/2012,130,Arthouse,512
29/06/1975,121,Indie,731
12/01/2003,175,Foreign,381
12/11/1996,134,Arthouse,547
05/04/2007,150,Mid Budget,222
20/04/1995,73,Foreign,725
24/02/2021,114,Arthouse,124
17/06/1971,155,Blockbuster,256
22/03/2009,88,Mid Budget,354
30/10/2018,145,Blockbuster,604
29/03/2000,148,Indie,798
03/01/1988,150,Indie,473
30/04/1996,84,Blockbuster,403
02/11/2010,103,Arthouse,798
05/03/2023,101,Blockbuster,65
26/03/1987,82,Foreign,350
24/06/2020,97,Blockbuster,186
14/10/1994,170,Indie,52
04/07/1981,75,Indie,759
21/08/2024,85,Arthouse,404
23/01/2013,152,Mid Budget,68
22/05/1980,112,Arthouse,700
31/01/1976,92,Arthouse,615
01/02/1986,120,Foreign,140
17/06/1999,179,Arthouse,93
02/02/1974,88,Indie,78
11/10/1990,96,Foreign,21
17/04/1978,164,Foreign,25
14/10/1992,90,Foreign,254
20/04/1995,89,Blockbuster,752
14/09/1993,111,Indie,691
07/04/1971,167,Blockbuster,349
27/08/2014,80,Indie,688
10/10/2019,178,Arthouse,239
04/01/1994,175,Indie,214
14/08/1988,83,Indie,404
14/04/2013,108,Blockbuster,471
14/12/2018,144,Arthouse,487
30/07/1989,172,Indie,508
15/12/2018,85,Mid Budget,768
03/03/2024,134,Blockbuster,713
05/08/1985,97,Mid Budget,781
08/03/2008,103,Blockbuster,634
31/05/1995,137,Arthouse,344
25/03/2018,86,Foreign,570
14/03/1989,139,Indie,264
24/08/2013,179,Blockbuster,216
18/09/1970,115,Arthouse,550
24/02/1974,136,Arthouse,306
25/04/2023,137,Arthouse,371
14/02/2019,169,Blockbuster,121
26/02/1997,173,Mid Budget,381
21/08/2003,131,Blockbuster,39
21/12/2007,155,Mid Budget,675
21/04/2014,82,Arthouse,267
22/03/1971,113,Blockbuster,603
25/07/1971,95,Indie,146
21/08/1979,137,Blockbuster,30
28/01/1990,148,Arthouse,442
12/05/2015,91,Blockbuster,765
08/05/1997,101,Mid Budget,338
28/05/1983,100,Arthouse,365
04/09/2014,159,Arthouse,797
04/10/1982,144,Indie,683
26/06/1990,172,Foreign,742
23/09/2003,76,Foreign,384
21/05/2010,170,Arthouse,93
14/05/2005,109,Blockbuster,432
17/10/1997,128,Arthouse,432
16/09/2001,103,Foreign,494
29/09/1992,180,Arthouse,35
25/11/2005,117,Mid Budget,406
23/02/2017,114,Mid Budget,272
22/08/2003,156,Foreign,359
22/04/1996,119,Indie,518
13/07/1998,96,Mid Budget,549
15/09/2014,121,Foreign,385
19/12/1995,179,Mid Budget,424
05/02/2019,132,Indie,142
10/09/1970,94,Indie,698
22/05/1974,168,Indie,365
25/10/1980,70,Blockbuster,282
24/04/1979,96,Foreign,15
21/06/2023,133,Arthouse,715
20/03/1977,135,Mid Budget,664
13/02/2003,104,Mid Budget,243
08/11/1982,179,Foreign,54
10/12/1983,174,Foreign,231
18/12/1984,134,Mid Budget,578
02/08/2024,81,Arthouse,471
21/03/1982,97,Arthouse,683
01/01/2025,130,Mid Budget,269
10/04/1987,78,Indie,366
09/06/1976,132,Arthouse,318
13/12/2017,162,Foreign,799
01/01/1990,130,Foreign,541
05/04/2002,178,Arthouse,729
11/05/2019,175,Arthouse,543
12/06/1971,76,Arthouse,550
10/08/2017,111,Blockbuster,52
15/09/2014,134,Blockbuster,452
30/01/2006,153,Blockbuster,584
09/04/1970,107,Arthouse,660
17/12/2017,72,Indie,501
03/12/1972,131,Mid Budget,339
14/07/1999,96,Blockbuster,589
13/10/1987,96,Foreign,719
17/11/1988,123,Mid Budget,357
10/03/2009,92,Indie,507
03/09/2013,73,Mid Budget,624
27/06/2005,108,Foreign,376
20/03/2000,92,Indie,12
07/03/1989,72,Mid Budget,444
10/11/2023,178,Foreign,524
20/10/1980,114,Indie,692
01/09/1987,97,Foreign,245
05/04/2001,86,Arthouse,665
07/04/2001,116,Indie,741
27/12/2014,109,Indie,288
19/01/1999,133,Arthouse,170
11/03/1993,158,Mid Budget,405
21/12/2024,153,Arthouse,57
16/10/2000,170,Indie,704
14/08/2023,156,Blockbuster,256
09/10/1976,80,Foreign,21
03/01/2021,137,Arthouse,80
23/08/2008,109,Indie,724
13/04/1974,89,Blockbuster,437
08/05/1972,137,Indie,220
13/01/1970,106,Blockbuster,49
22/09/2021,148,Arthouse,267
08/02/2018,102,Arthouse,515
08/09/2019,76,Blockbuster,762
24/08/1982,163,Arthouse,493
26/10/2003,92,Arthouse,412
03/04/2004,76,Mid Budget,512
22/08/1998,132,Foreign,671
29/03/1974,163,Arthouse,501
30/01/1993,174,Foreign,233
13/04/1985,155,Blockbuster,701
19/01/1986,158,Foreign,326
08/07/2011,125,Mid Budget,35
04/06/1999,86,Foreign,318
23/06/2002,131,Indie,393
12/08/2023,117,Mid Budget,591
06/04/2004,136,Arthouse,72
15/05/2007,175,Indie,467
26/01/1971,96,Blockbuster,585
27/12/1994,70,Blockbuster,274
03/02/1980,145,Arthouse,44
25/06/1997,75,Arthouse,596
06/02/1991,95,Foreign,741
24/12/2015,150,Blockbuster,344
30/12/2000,112,Indie,708
03/09/1977,113,Foreign,278
02/07/1975,121,Blockbuster,51
26/01/2011,160,Foreign,774
06/04/2013,107,Arthouse,682
23/12/2003,76,Mid Budget,346
21/09/2005,150,Foreign,152
25/05/2003,158,Foreign,763
22/05/2018,136,Arthouse,254
08/08/1999,161,Indie,795
17/07/2011,103,Blockbuster,202
12/03/2003,73,Indie,37
21/09/1989,85,Arthouse,604
30/07/1972,164,Foreign,65
07/08/2009,131,Indie,338
12/12/1991,86,Blockbuster,772
11/12/1984,109,Indie,598
11/01/1988,91,Arthouse,284
02/08/2017,152,Blockbuster,255
08/11/2005,105,Foreign,246
15/02/2020,74,Indie,666
25/12/2016,141,Indie,533
14/10/1973,86,Blockbuster,256
25/02/2001,177,Arthouse,767
19/09/2015,123,Blockbuster,484
17/07/2006,165,Blockbuster,42
24/04/1980,146,Mid Budget,678
31/10/1989,155,Indie,418
16/05/1971,95,Indie,478
29/08/1978,161,Arthouse,310
13/08/2002,143,Indie,729
23/11/1996,145,Arthouse,352
28/04/2020,80,Arthouse,719
26/10/1988,158,Arthouse,505
04/03/1999,179,Indie,607
19/07/2023,138,Arthouse,270
18/03/1993,130,Arthouse,323
02/08/2022,100,Blockbuster,483
05/05/2011,134,Blockbuster,449
14/05/2021,135,Indie,163
21/12/2009,176,Foreign,634
08/07/1979,130,Blockbuster,663
07/05/1994,118,Arthouse,26
05/09/2014,135,Arthouse,380
02/10/1983,101,Foreign,413
06/08/2005,89,Arthouse,15
01/05/2015,129,Indie,239
18/11/2002,86,Mid Budget,465
10/11/2007,147,Indie,723
04/07/2003,159,Indie,767
11/01/1984,123,Mid Budget,648
11/03/2019,156,Mid Budget,99
26/06/1983,98,Indie,90
20/11/1994,123,Blockbuster,448
21/10/2003,177,Indie,459
01/12/1977,118,Blockbuster,322
17/12/1991,159,Arthouse,328
06/10/1975,151,Mid Budget,398
27/06/1998,180,Foreign,529
05/09/1999,169,Indie,542
21/12/2010,82,Arthouse,138
30/08/2013,140,Indie,208
23/02/1980,118,Blockbuster,229
01/01/2007,150,Indie,791
21/01/1976,99,Arthouse,120
26/11/1980,89,Foreign,786
11/05/1978,100,Indie,41
25/03/2003,76,Blockbuster,776
30/05/2016,154,Indie,690
11/06/1979,147,Blockbuster,142
24/01/1972,131,Arthouse,512
28/02/2015,88,Arthouse,697
17/05/1988,138,Mid Budget,135
02/11/2014,179,Foreign,785
13/03/2004,85,Mid Budget,275
30/06/2023,160,Mid Budget,155
10/04/1983,85,Mid Budget,84
27/01/1983,83,Foreign,405
21/01/1990,95,Foreign,799
11/02/2013,113,Mid Budget,235
17/02/1979,119,Arthouse,566
07/07/1988,133,Indie,469
22/06/1989,88,Indie,436
12/01/2008,145,Mid Budget,406
06/03/2024,144,Arthouse,12
15/07/2018,170,Arthouse,257
24/11/2006,111,Arthouse,32
29/06/1998,137,Arthouse,105
15/02/1974,132,Foreign,127
25/02/2024,170,Indie,545
18/05/2012,119,Arthouse,409
31/05/2011,129,Foreign,114
14/04/2012,180,Arthouse,779
05/03/1998,129,Indie,396
05/08/2021,100,Arthouse,457
03/08/1979,110,Foreign,676
19/12/2003,108,Mid Budget,681
03/07/2005,148,Indie,55
25/12/2021,134,Foreign,122
18/07/2023,143,Foreign,426
20/04/2010,146,Arthouse,297
01/01/1982,166,Blockbuster,249
12/07/1985,159,Blockbuster,78
17/04/1980,140,Arthouse,442
16/01/1991,81,Mid Budget,282
09/08/1975,153,Foreign,689
26/05/1999,104,Blockbuster,771
03/10/1999,70,Foreign,374
20/02/2024,147,Mid Budget,388
06/07/1991,171,Indie,354
06/04/1997,88,Indie,310
28/01/2016,157,Blockbuster,553
17/01/2005,124,Foreign,637
12/11/2003,145,Mid Budget,767
27/04/1981,160,Foreign,25
14/04/1986,101,Blockbuster,557
18/11/2023,123,Blockbuster,181
25/12/2020,88,Mid Budget,240
14/09/2005,93,Foreign,202
28/02/1996,133,Blockbuster,512
20/01/1978,123,Blockbuster,432
19/04/2023,148,Blockbuster,81
23/10/1991,119,Foreign,18
04/08/2007,76,Blockbuster,342
26/11/1976,167,Arthouse,505
03/09/2009,113,Mid Budget,51
17/08/1970,158,Blockbuster,584
14/10/1975,90,Arthouse,742
15/01/1974,79,Blockbuster,92
23/09/1999,164,Foreign,351
25/02/2013,130,Mid Budget,245
11/07/1989,98,Foreign,420
12/12/1994,147,Indie,654
11/08/1970,124,Blockbuster,426
12/05/1972,95,Indie,157
29/07/1970,158,Foreign,452
03/04/2008,168,Indie,453
10/10/1989,85,Blockbuster,542
04/06/2004,176,Foreign,13
31/07/2011,150,Foreign,467
11/12/1978,125,Arthouse,716
04/07/2024,112,Indie,404
23/11/2021,89,Arthouse,309
22/10/2017,99,Indie,14
20/05/1995,132,Mid Budget,224
14/09/2020,164,Arthouse,149
19/04/1995,107,Blockbuster,538
11/06/1995,113,Blockbuster,235
07/08/2017,162,Arthouse,718
16/02/2001,171,Mid Budget,463
01/04/1986,96,Blockbuster,478
19/08/1996,154,Blockbuster,2
03/07/1985,71,Foreign,736
16/07/1988,155,Foreign,523
19/08/2015,83,Foreign,54
23/07/2014,134,Arthouse,71
11/03/1977,166,Foreign,387
06/11/1981,103,Indie,243
03/05/2008,91,Mid Budget,72
04/05/1983,96,Indie,575
02/01/2014,176,Blockbuster,51
09/06/2017,106,Indie,654
28/07/1974,98,Indie,161
16/12/1979,70,Mid Budget,155
23/12/2018,79,Foreign,737
30/08/2022,82,Indie,98
15/02/2011,161,Blockbuster,343
04/01/2021,162,Foreign,149
05/03/1980,118,Mid Budget,660
13/02/1993,113,Mid Budget,568
04/02/1987,125,Arthouse,130
26/03/2022,134,Foreign,384
12/04/1989,164,Foreign,629
26/03/1991,172,Mid Budget,560
27/10/1981,82,Foreign,189
11/12/1985,122,Foreign,740
12/06/1981,121,Blockbuster,450
12/09/1970,144,Mid Budget,532
13/11/1982,105,Foreign,568
15/07/2013,124,Mid Budget,8
29/06/2019,155,Blockbuster,1
18/01/1995,160,Foreign,70
01/09/2018,98,Mid Budget,45
03/08/1992,80,Mid Budget,162
06/10/2023,77,Blockbuster,206
25/05/2024,139,Blockbuster,94
24/12/2004,128,Arthouse,412
15/03/1981,165,Indie,676
18/08/2004,116,Foreign,414
03/12/1980,155,Indie,632
14/09/2005,138,Mid Budget,665
17/10/1979,154,Blockbuster,615
22/02/1987,95,Arthouse,512
20/03/1997,133,Arthouse,69
29/03/1988,132,Blockbuster,434
19/04/1993,139,Foreign,737
26/09/2003,96,Mid Budget,782
23/05/2013,139,Indie,182
04/07/1973,168,Mid Budget,431
17/08/1986,112,Foreign,713
04/12/2017,136,Indie,618
18/10/2018,124,Arthouse,659
20/04/1979,171,Foreign,482
28/09/2009,179,Mid Budget,148
17/04/2010,106,Mid Budget,391
26/04/2007,122,Foreign,146
27/05/2023,72,Indie,214
27/04/2017,175,Indie,480
01/07/2012,175,Arthouse,353
27/01/2022,164,Arthouse,181
11/06/1998,142,Mid Budget,60
08/04/2014,119,Blockbuster,473
19/09/1981,145,Arthouse,771
27/01/2022,114,Mid Budget,487
03/08/1985,135,Indie,541
27/09/2007,99,Foreign,127
17/03/2019,147,Arthouse,132
06/08/1992,77,Indie,470
19/08/2014,96,Indie,22
30/03/1975,113,Indie,478
05/02/1999,139,Blockbuster,226
10/07/1980,90,Foreign,474
07/10/1998,100,Indie,498
25/03/1974,153,Foreign,366
07/01/1986,178,Blockbuster,238
21/09/1971,164,Arthouse,301
19/06/1991,74,Mid Budget,106
25/05/2012,156,Foreign,138
19/08/1994,115,Blockbuster,13
17/11/2000,70,Arthouse,422
22/07/2021,180,Arthouse,739
14/03/2019,95,Blockbuster,610
29/08/1981,134,Mid Budget,776
03/05/1996,103,Blockbuster,146
13/04/2011,110,Foreign,620
31/08/2010,142,Arthouse,249
27/12/1981,87,Indie,410
27/10/2024,117,Blockbuster,727
08/04/1997,128,Blockbuster,709
12/02/2010,124,Mid Budget,267
09/08/1996,110,Arthouse,524
21/07/2003,159,Arthouse,507
13/11/1979,125,Blockbuster,705
14/05/1990,154,Blockbuster,153
21/11/1972,176,Mid Budget,208
14/05/1987,124,Indie,533
21/08/1977,136,Blockbuster,252
21/11/1997,150,Blockbuster,608
09/06/1995,70,Arthouse,444
12/09/2001,178,Blockbuster,770
25/08/2020,141,Mid Budget,687
23/04/1989,174,Arthouse,424
30/01/1988,169,Indie,607
15/11/2004,114,Blockbuster,650
08/12/2016,153,Indie,271
09/08/1984,154,Mid Budget,219
17/04/2001,135,Blockbuster,387
15/10/1998,143,Blockbuster,362
26/10/1981,141,Arthouse,119
05/10/1996,171,Arthouse,83
28/06/1990,99,Blockbuster,305
27/09/2024,154,Foreign,546
01/10/2000,100,Blockbuster,107
05/06/1989,135,Indie,565
22/11/2010,116,Foreign,659
11/03/1997,153,Blockbuster,509
22/11/2009,142,Blockbuster,94
14/10/2019,157,Blockbuster,561
20/08/2006,105,Blockbuster,488
01/05/1983,99,Mid Budget,761
29/09/2010,92,Arthouse,194
09/01/2018,153,Blockbuster,626
27/06/2003,92,Blockbuster,14
12/04/2010,84,Arthouse,776
05/05/2012,101,Mid Budget,679
07/01/1971,107,Indie,565
06/03/1979,89,Arthouse,406
24/08/2021,136,Mid Budget,234
11/02/1999,157,Arthouse,109
13/08/2011,158,Foreign,504
01/09/1985,176,Mid Budget,322
01/09/2007,147,Indie,99
26/09/1981,89,Indie,44
04/05/1974,180,Mid Budget,469
08/07/1988,76,Indie,784
11/03/2007,114,Foreign,426
30/10/1989,174,Blockbuster,134
30/01/2021,147,Foreign,693
15/07/2015,134,Foreign,198
10/04/1996,116,Blockbuster,295
13/07/1986,112,Indie,22
02/09/1990,169,Arthouse,347
08/04/2008,85,Mid Budget,541
17/09/1999,114,Foreign,475
07/05/1970,77,Blockbuster,774
12/10/2024,87,Foreign,799
26/08/1972,109,Arthouse,213
05/12/2008,72,Arthouse,282
11/04/1972,163,Arthouse,264
22/03/2019,150,Mid Budget,554
08/03/1977,70,Foreign,191
16/06/1971,84,Mid Budget,304
31/01/2024,130,Mid Budget,663
29/04/2012,95,Mid Budget,241
25/06/1972,174,Blockbuster,562
15/11/2022,99,Mid Budget,601
25/04/2007,149,Foreign,91
29/03/1980,73,Foreign,407
14/12/2008,71,Foreign,440
14/02/1980,117,Blockbuster,266
04/02/2017,144,Blockbuster,59
21/08/2000,116,Mid Budget,175
23/02/2014,78,Blockbuster,626
06/05/2011,179,Arthouse,250
01/11/1982,142,Blockbuster,599
20/02/1979,72,Mid Budget,89
15/09/2018,143,Arthouse,360
03/06/2021,70,Arthouse,120
02/03/1991,72,Mid Budget,774
07/02/1986,127,Blockbuster,165
01/11/2006,119,Blockbuster,324
04/02/1970,163,Indie,593
29/06/1970,73,Blockbuster,601
31/07/2012,180,Foreign,697
18/12/2006,168,Mid Budget,250
05/09/2022,84,Foreign,348
06/06/2013,96,Blockbuster,190
20/01/2014,159,Indie,497
06/11/1970,108,Foreign,353
25/08/2017,78,Foreign,777
20/05/2012,95,Blockbuster,454
27/11/2001,114,Arthouse,520
03/10/2010,156,Blockbuster,699
08/05/1986,166,Mid Budget,107
13/01/1989,99,Arthouse,106
01/09/2018,75,Arthouse,96
25/07/2003,180,Arthouse,19
31/12/1970,79,Indie,144
29/10/2017,71,Indie,240
07/04/2023,157,Mid Budget,44
06/08/1972,109,Foreign,746
16/03/2010,117,Foreign,719
16/09/1982,103,Blockbuster,614
29/08/2019,86,Foreign,475
03/01/1976,109,Mid Budget,269
28/05/1997,160,Blockbuster,705
13/06/2005,168,Indie,115
